{
  "info": {
    "name": "Customer Order Analytics System",
    "schema": "https://schema.getpostman.com/json/collection/v2.1.0/collection.json",
    "description": "Postman collection to test basic order APIs and analytics endpoints"
  },
  "item": [
    {
      "name": "Create Order",
      "request": {
        "method": "POST",
        "header": [
          {"key": "Content-Type", "value": "application/json"}
        ],
        "url": {
          "raw": "{{baseUrl}}/orders",
          "host": ["{{baseUrl}}"],
          "path": ["orders"]
        },
        "body": {
          "mode": "raw",
          "raw": "{\n  \"customer_id\": 1,\n  \"order_date\": \"2024-10-01T10:00:00Z\",\n  \"status\": \"PLACED\",\n  \"items\": [\n    { \"product_id\": 1, \"quantity\": 2, \"unit_price\": 799.00 },\n    { \"product_id\": 3, \"quantity\": 1, \"unit_price\": 999.00 }\n  ]\n}"
        }
      },
      "response": []
    },
    {
      "name": "List Orders (date range)",
      "request": {
        "method": "GET",
        "url": {
          "raw": "{{baseUrl}}/orders?from=2024-09-01&to=2024-10-31",
          "host": ["{{baseUrl}}"],
          "path": ["orders"],
          "query": [
            {"key": "from", "value": "2024-09-01"},
            {"key": "to", "value": "2024-10-31"}
          ]
        }
      },
      "response": []
    },
    {
      "name": "Top Customers",
      "request": {
        "method": "GET",
        "url": {
          "raw": "{{baseUrl}}/analytics/top-customers?limit=10",
          "host": ["{{baseUrl}}"],
          "path": ["analytics", "top-customers"],
          "query": [{"key": "limit", "value": "10"}]
        }
      },
      "response": []
    },
    {
      "name": "List Products",
      "request": {
        "method": "GET",
        "url": {
          "raw": "{{baseUrl}}/products",
          "host": ["{{baseUrl}}"],
          "path": ["products"]
        }
      },
      "response": []
    },
    {
      "name": "List Customers",
      "request": {
        "method": "GET",
        "url": {
          "raw": "{{baseUrl}}/customers",
          "host": ["{{baseUrl}}"],
          "path": ["customers"]
        }
      },
      "response": []
    }
  ],
  "variable": [
    {"key": "baseUrl", "value": "http://localhost:3000"}
  ]
}